f_Hz,I,Q
6.996430000000000000e+09,1.775772249520881085e-01,8.855379757341910185e-01
6.996437140000000000e+09,1.802432955839226025e-01,8.834978325431621649e-01
6.996444280000000000e+09,1.811679421595337458e-01,8.879604619568027823e-01
6.996451420000000000e+09,1.820048112817545805e-01,8.842353321929846688e-01
6.996458560000000000e+09,1.849457844429351627e-01,8.866167601118559727e-01
6.996465700000000000e+09,1.859403081643877520e-01,8.845459102996724443e-01
6.996472840000000000e+09,1.901116981958894392e-01,8.808628925935411136e-01
6.996479980000000000e+09,1.947389759087425065e-01,8.809779572850493512e-01
6.996487120000000000e+09,1.931405817780589562e-01,8.821645021001688347e-01
6.996494260000000000e+09,1.949497996514283626e-01,8.809596878094561045e-01
6.996501400000000000e+09,1.992354836981967969e-01,8.804763869356276862e-01
6.996508540000000000e+09,2.010339095521836705e-01,8.793402531734715311e-01
6.996515680000000000e+09,2.025945760484199332e-01,8.758259847259097786e-01
6.996522820000000000e+09,2.025856898458198441e-01,8.785174218345449537e-01
6.996529960000000000e+09,2.064502573428521892e-01,8.740524686134928389e-01
6.996537100000000000e+09,2.099607494034612110e-01,8.787478492439083633e-01
6.996544240000000000e+09,2.079423332337371200e-01,8.760626666530014761e-01
6.996551380000000000e+09,2.117753777253089942e-01,8.755895938673771139e-01
6.996558520000000000e+09,2.109472286189212620e-01,8.760825372059640737e-01
6.996565660000000000e+09,2.142288717341527815e-01,8.765622787702558316e-01
6.996572800000000000e+09,2.151819488579594375e-01,8.726437822238707342e-01
6.996579940000000000e+09,2.204518973422029959e-01,8.714965233429059488e-01
6.996587080000000000e+09,2.204430266171074904e-01,8.723425951832554093e-01
6.996594220000000000e+09,2.255754579387029835e-01,8.698673425650412794e-01
6.996601360000000000e+09,2.274006010693875590e-01,8.714882379853965411e-01
6.996608500000000000e+09,2.287665570918398228e-01,8.760699111843190945e-01
6.996615640000000000e+09,2.261593604363159871e-01,8.702362489568137294e-01
6.996622780000000000e+09,2.321670861260277940e-01,8.731085739759416597e-01
6.996629920000000000e+09,2.351981836664855940e-01,8.685139034369759869e-01
6.996637060000000000e+09,2.375716291550797887e-01,8.713018887969425919e-01
6.996644200000000000e+09,2.363336676753149956e-01,8.695057217361701341e-01
6.996651340000000000e+09,2.404864534966690004e-01,8.694621695063282640e-01
6.996658480000000000e+09,2.415320259816423898e-01,8.701510202473805577e-01
6.996665620000000000e+09,2.439175674313652231e-01,8.719526789691134372e-01
6.996672760000000000e+09,2.497022810560138861e-01,8.682514081690140273e-01
6.996679900000000000e+09,2.480097109364111096e-01,8.675275726237315910e-01
6.996687040000000000e+09,2.516030783940685911e-01,8.647440404452875207e-01
6.996694180000000000e+09,2.554792785617906459e-01,8.672644376623082074e-01
6.996701320000000000e+09,2.545847009680143325e-01,8.650076568745390659e-01
6.996708460000000000e+09,2.575689174068965803e-01,8.665609189157936765e-01
6.996715600000000000e+09,2.600526760249115554e-01,8.642016547268165372e-01
6.996722740000000000e+09,2.619977351791153986e-01,8.671580007262095213e-01
6.996729880000000000e+09,2.614574718398383069e-01,8.590927362807158074e-01
6.996737020000000000e+09,2.660962543022953319e-01,8.618427081929972422e-01
6.996744160000000000e+09,2.706969800473222332e-01,8.635712648500281086e-01
6.996751300000000000e+09,2.669193627585356166e-01,8.604743682396710502e-01
6.996758440000000000e+09,2.737656864935475443e-01,8.589539133235744028e-01
6.996765580000000000e+09,2.743178388155896319e-01,8.593640602020616859e-01
6.996772720000000000e+09,2.748273308272789484e-01,8.564885803461429470e-01
6.996779860000000000e+09,2.821411673347351545e-01,8.588340156330017683e-01
6.996787000000000000e+09,2.816938286460536900e-01,8.628197551767459172e-01
6.996794140000000000e+09,2.797986093393528551e-01,8.595666703883363402e-01
6.996801280000000000e+09,2.843729910606937472e-01,8.543914168860362590e-01
6.996808420000000000e+09,2.874029933747307419e-01,8.541906317677173677e-01
6.996815560000000000e+09,2.878965803203409890e-01,8.544507875801549135e-01
6.996822700000000000e+09,2.916633608525111554e-01,8.565870544496403394e-01
6.996829840000000000e+09,2.921867574428226866e-01,8.522482761900515014e-01
6.996836980000000000e+09,2.956753856300379790e-01,8.518188636820802628e-01
6.996844120000000000e+09,2.992378714305003462e-01,8.542719492646737578e-01
6.996851260000000000e+09,2.970282654588515814e-01,8.535299262413420518e-01
6.996858400000000000e+09,3.008034495425848664e-01,8.503462085552588867e-01
6.996865540000000000e+09,3.014869488574440370e-01,8.481465731331724323e-01
6.996872680000000000e+09,3.046832925412193416e-01,8.465659169368757730e-01
6.996879820000000000e+09,3.040683490912147735e-01,8.475457767006290277e-01
6.996886960000000000e+09,3.072968988121630440e-01,8.437560924722606881e-01
6.996894100000000000e+09,3.100746460691815032e-01,8.489852255029730621e-01
6.996901240000000000e+09,3.142748646496651976e-01,8.454890011180901110e-01
6.996908380000000000e+09,3.167768334333506131e-01,8.469701671030983592e-01
6.996915520000000000e+09,3.138471307185596859e-01,8.489977864339220970e-01
6.996922660000000000e+09,3.169114335902448176e-01,8.468557237182363640e-01
6.996929800000000000e+09,3.217997830898397527e-01,8.414510961542140954e-01
6.996936940000000000e+09,3.185251112845972621e-01,8.447305343140388834e-01
6.996944080000000000e+09,3.235862932082633203e-01,8.445414569806625193e-01
6.996951220000000000e+09,3.263194394506164220e-01,8.399617716201591699e-01
6.996958360000000000e+09,3.310281127121025291e-01,8.387716667426891037e-01
6.996965500000000000e+09,3.318916399282457741e-01,8.396776859675213478e-01
6.996972640000000000e+09,3.318558254045817502e-01,8.359080644984127062e-01
6.996979780000000000e+09,3.337691821665678127e-01,8.412612537967623094e-01
6.996986920000000000e+09,3.360006773110113532e-01,8.327129592627605659e-01
6.996994060000000000e+09,3.415415043831314112e-01,8.345090041838847394e-01
6.997001200000000000e+09,3.396304073563348735e-01,8.353774490162221289e-01
6.997008340000000000e+09,3.418697332013435064e-01,8.346513925787399923e-01
6.997015480000000000e+09,3.451715248242504530e-01,8.346218285191906450e-01
6.997022620000000000e+09,3.462126653963554235e-01,8.340115156004802577e-01
6.997029760000000000e+09,3.480460952324797574e-01,8.322154564662435083e-01
6.997036900000000000e+09,3.481975755414792317e-01,8.340855377481977140e-01
6.997044040000000000e+09,3.523862927107029863e-01,8.266971187879678107e-01
6.997051180000000000e+09,3.535043696543749836e-01,8.301346683121684222e-01
6.997058320000000000e+09,3.587045457058963827e-01,8.278599736969483036e-01
6.997065460000000000e+09,3.596577777882425386e-01,8.287033322857405571e-01
6.997072600000000000e+09,3.602811677513282906e-01,8.280240044227681340e-01
6.997079740000000000e+09,3.636426057826141478e-01,8.248980214584259452e-01
6.997086880000000000e+09,3.636010189677044702e-01,8.245739894859898111e-01
6.997094020000000000e+09,3.683584417215579054e-01,8.265702816402296094e-01
6.997101160000000000e+09,3.682153284508246083e-01,8.248074525086184217e-01
6.997108300000000000e+09,3.713633295274719748e-01,8.218680845272302582e-01
6.997115440000000000e+09,3.695837053141247108e-01,8.264226129589301584e-01
6.997122580000000000e+09,3.748262596953551573e-01,8.260704427188422239e-01
6.997129720000000000e+09,3.727223710458105743e-01,8.176314240873601147e-01
6.997136860000000000e+09,3.739924640567504621e-01,8.202592043014595991e-01
6.997144000000000000e+09,3.794169649465705674e-01,8.237678707384445964e-01
6.997151140000000000e+09,3.801873054496138216e-01,8.194069471693038453e-01
6.997158280000000000e+09,3.842749445556661314e-01,8.173655371725681018e-01
6.997165420000000000e+09,3.903944579960517691e-01,8.155865674685245370e-01
6.997172560000000000e+09,3.861980227923784703e-01,8.139945523918427073e-01
6.997179700000000000e+09,3.885685161942213917e-01,8.137211652388285366e-01
6.997186840000000000e+09,3.921805464493560156e-01,8.121089815888372643e-01
6.997193980000000000e+09,3.947074925002636014e-01,8.137594931897370598e-01
6.997201120000000000e+09,3.953187645187342669e-01,8.105275936796212388e-01
6.997208260000000000e+09,3.972082013123919841e-01,8.094908090525713140e-01
6.997215400000000000e+09,4.009718390235759156e-01,8.070129864610214865e-01
6.997222540000000000e+09,4.025519365861904286e-01,8.083573065590753393e-01
6.997229680000000000e+09,4.013883261594335394e-01,8.057024021569466621e-01
6.997236820000000000e+09,4.052392112763160692e-01,8.061582830526113908e-01
6.997243960000000000e+09,4.074083745582187666e-01,8.076275289975449745e-01
6.997251100000000000e+09,4.071673807127412226e-01,8.052948366657126655e-01
6.997258240000000000e+09,4.117328907077895672e-01,8.045864988218193181e-01
6.997265380000000000e+09,4.114324668717345146e-01,8.032982615047892239e-01
6.997272520000000000e+09,4.170259766622921305e-01,8.017084305223611818e-01
6.997279660000000000e+09,4.173990859348471472e-01,8.003343875455570799e-01
6.997286800000000000e+09,4.191222367432455576e-01,7.989673597652798831e-01
6.997293940000000000e+09,4.196898668963409129e-01,8.000900952591950555e-01
6.997301080000000000e+09,4.225612653330974577e-01,7.953872290830303893e-01
6.997308220000000000e+09,4.207278067180206249e-01,7.992159572600754380e-01
6.997315360000000000e+09,4.243835430369075068e-01,7.955764249855321602e-01
6.997322500000000000e+09,4.292933320230611915e-01,7.929795756462139078e-01
6.997329640000000000e+09,4.262300399935082806e-01,7.924623399874322072e-01
6.997336780000000000e+09,4.340981314260249913e-01,7.910452525140483360e-01
6.997343920000000000e+09,4.308286718510801472e-01,7.916731901860928344e-01
6.997351060000000000e+09,4.377484938128141101e-01,7.888655748627955155e-01
6.997358200000000000e+09,4.364563678204382846e-01,7.915289441404348425e-01
6.997365340000000000e+09,4.416158737060379424e-01,7.866197586534843245e-01
6.997372480000000000e+09,4.422284996898382392e-01,7.825712787963323702e-01
6.997379620000000000e+09,4.407998007431094822e-01,7.845825397713664939e-01
6.997386760000000000e+09,4.482768006238063707e-01,7.809506334877180933e-01
6.997393900000000000e+09,4.505651006408406545e-01,7.838059990236384555e-01
6.997401040000000000e+09,4.494514019938874450e-01,7.849170321558011088e-01
6.997408180000000000e+09,4.509346385877558983e-01,7.830021305644675467e-01
6.997415320000000000e+09,4.530603219689635086e-01,7.779342386504667362e-01
6.997422460000000000e+09,4.533254530736247068e-01,7.779826222984512762e-01
6.997429600000000000e+09,4.593667417252579876e-01,7.819570201445149582e-01
6.997436740000000000e+09,4.579756951307134560e-01,7.779242975485818334e-01
6.997443880000000000e+09,4.608491009046111198e-01,7.761779315854001604e-01
6.997451020000000000e+09,4.612529752670914140e-01,7.771591328951903410e-01
6.997458160000000000e+09,4.634735834974748059e-01,7.788246939197176477e-01
6.997465300000000000e+09,4.640545079839330511e-01,7.753794485875257214e-01
6.997472440000000000e+09,4.710063841711567556e-01,7.719271054413922029e-01
6.997479580000000000e+09,4.700644080325809826e-01,7.712145027102339512e-01
6.997486720000000000e+09,4.741828061574550057e-01,7.705910118051293445e-01
6.997493860000000000e+09,4.741540256994317137e-01,7.669780513645986231e-01
6.997501000000000000e+09,4.746130086339550580e-01,7.649274715659108992e-01
6.997508140000000000e+09,4.772209017166654244e-01,7.659861325176119395e-01
6.997515280000000000e+09,4.786242758265618069e-01,7.628179929973344375e-01
6.997522420000000000e+09,4.816291227522722096e-01,7.634155244853968458e-01
6.997529560000000000e+09,4.827291302427356157e-01,7.625515774386307788e-01
6.997536700000000000e+09,4.847442644187591188e-01,7.658571315230561227e-01
6.997543840000000000e+09,4.844493788029096137e-01,7.582835211224037142e-01
6.997550980000000000e+09,4.874532248741830220e-01,7.585474413248229908e-01
6.997558120000000000e+09,4.942333804803301089e-01,7.572626403705017273e-01
6.997565260000000000e+09,4.914390995702943021e-01,7.572609180033431642e-01
6.997572400000000000e+09,4.925276228976271931e-01,7.572696150578320795e-01
6.997579540000000000e+09,4.971626433555879077e-01,7.529798822651952994e-01
6.997586680000000000e+09,5.011526429638506475e-01,7.510976361415026004e-01
6.997593820000000000e+09,4.972780774131382309e-01,7.482332125028510195e-01
6.997600960000000000e+09,5.016150212886770765e-01,7.484313153091930459e-01
6.997608100000000000e+09,5.026118023060336393e-01,7.501204879029850225e-01
6.997615240000000000e+09,5.021956063160579742e-01,7.478975678303780850e-01
6.997622380000000000e+09,5.090271239279752225e-01,7.445288529603979466e-01
6.997629520000000000e+09,5.093478872965855331e-01,7.445624068862063405e-01
6.997636660000000000e+09,5.113730348224549971e-01,7.441138761901369136e-01
6.997643800000000000e+09,5.115587675750444818e-01,7.437960379426065138e-01
6.997650940000000000e+09,5.158040536388718289e-01,7.403343961326707134e-01
6.997658080000000000e+09,5.156448328469839248e-01,7.397475579793714173e-01
6.997665220000000000e+09,5.182644028469326480e-01,7.353335637818538828e-01
6.997672360000000000e+09,5.181583009395408501e-01,7.353843919695002285e-01
6.997679500000000000e+09,5.197650538741704906e-01,7.396340535336329847e-01
6.997686640000000000e+09,5.266885756657039286e-01,7.307285208499049167e-01
6.997693780000000000e+09,5.248213628881466253e-01,7.331300912862356300e-01
6.997700920000000000e+09,5.282347932352410291e-01,7.329396940141957861e-01
6.997708060000000000e+09,5.293975038757349205e-01,7.304428998078217328e-01
6.997715200000000000e+09,5.303942306826738839e-01,7.282602760468315228e-01
6.997722340000000000e+09,5.320698117463912302e-01,7.284341112052541423e-01
6.997729480000000000e+09,5.361528798693431241e-01,7.272206912105785293e-01
6.997736620000000000e+09,5.360937210334999481e-01,7.257354095517354331e-01
6.997743760000000000e+09,5.381970632240722363e-01,7.208079029601091037e-01
6.997750900000000000e+09,5.403446328102861074e-01,7.229268550150071970e-01
6.997758040000000000e+09,5.444511825951220407e-01,7.201644157659583545e-01
6.997765180000000000e+09,5.452548934402716707e-01,7.194267835013132828e-01
6.997772320000000000e+09,5.464524990445265296e-01,7.196184453710929851e-01
6.997779460000000000e+09,5.463512964348067324e-01,7.190828115244310981e-01
6.997786600000000000e+09,5.465033484107685302e-01,7.182263753853900257e-01
6.997793740000000000e+09,5.529528904899971842e-01,7.140660605705362318e-01
6.997800880000000000e+09,5.547709600563848209e-01,7.155275480653668918e-01
6.997808020000000000e+09,5.543385667826388197e-01,7.146422336749287396e-01
6.997815160000000000e+09,5.574833439430588733e-01,7.131778610571581911e-01
6.997822300000000000e+09,5.597397221944753198e-01,7.122884882323418099e-01
6.997829440000000000e+09,5.616141242350407570e-01,7.078165048999516262e-01
6.997836580000000000e+09,5.635670932106779940e-01,7.063530637216549612e-01
6.997843720000000000e+09,5.625833058701833478e-01,7.069394163134984366e-01
6.997850860000000000e+09,5.682923383053729571e-01,7.011387721731034972e-01
6.997858000000000000e+09,5.645346859459785538e-01,7.028676928762300768e-01
6.997865140000000000e+09,5.705144187923260057e-01,6.999592275847026368e-01
6.997872280000000000e+09,5.715395505283925592e-01,6.988487637367351013e-01
6.997879420000000000e+09,5.740572437942471629e-01,6.946637831550459552e-01
6.997886560000000000e+09,5.778239391548971593e-01,6.949206558412823753e-01
6.997893700000000000e+09,5.787883205529761321e-01,6.952101392134317770e-01
6.997900840000000000e+09,5.752801652688309675e-01,6.955718540613922141e-01
6.997907980000000000e+09,5.759418401320108849e-01,6.943132471322313037e-01
6.997915120000000000e+09,5.826991926766440510e-01,6.907052001885986003e-01
6.997922260000000000e+09,5.807791803741363390e-01,6.890143356653765094e-01
6.997929400000000000e+09,5.845257367844022278e-01,6.862530001732309870e-01
6.997936540000000000e+09,5.879688889063935386e-01,6.872348912616207395e-01
6.997943680000000000e+09,5.847382620032525180e-01,6.844452019168310031e-01
6.997950820000000000e+09,5.855398472389528042e-01,6.846566527001207714e-01
6.997957960000000000e+09,5.920098786438574567e-01,6.854471148535777880e-01
6.997965100000000000e+09,5.933090381757329945e-01,6.803721664756218201e-01
6.997972240000000000e+09,5.944551517050888911e-01,6.759296854427381263e-01
6.997979380000000000e+09,5.967478168031301600e-01,6.756844594227235934e-01
6.997986520000000000e+09,5.966711957782254716e-01,6.729659040440445494e-01
6.997993660000000000e+09,5.970842004952700011e-01,6.719582753649964157e-01
6.998000800000000000e+09,6.014943168276282170e-01,6.754275734182758617e-01
6.998007940000000000e+09,6.015981135678756253e-01,6.717291136718884781e-01
6.998015080000000000e+09,6.019659322171304616e-01,6.666884171584480656e-01
6.998022220000000000e+09,6.079730726906601435e-01,6.694831941044634416e-01
6.998029360000000000e+09,6.085451730256450364e-01,6.691380185245485723e-01
6.998036500000000000e+09,6.111847234029845755e-01,6.643330166014842497e-01
6.998043640000000000e+09,6.100942010612848687e-01,6.621304212723242433e-01
6.998050780000000000e+09,6.124552187839037432e-01,6.612314070839746538e-01
6.998057920000000000e+09,6.134692087761042245e-01,6.608932391047053212e-01
6.998065060000000000e+09,6.153873748149411016e-01,6.600159153281272006e-01
6.998072200000000000e+09,6.192422355599734862e-01,6.595064240175556591e-01
6.998079340000000000e+09,6.189736213106040719e-01,6.579670090833079632e-01
6.998086480000000000e+09,6.229372357514367797e-01,6.563069499982880917e-01
6.998093620000000000e+09,6.245875216182735779e-01,6.550480820094908285e-01
6.998100760000000000e+09,6.296386044287816119e-01,6.520290983210279556e-01
6.998107900000000000e+09,6.244803352561594245e-01,6.460205590319485491e-01
6.998115040000000000e+09,6.307166992898827207e-01,6.471904379461326240e-01
6.998122180000000000e+09,6.304342421564600452e-01,6.464441246211217740e-01
6.998129320000000000e+09,6.322548165650941909e-01,6.434078492382534487e-01
6.998136460000000000e+09,6.310501327406285998e-01,6.443483201706071695e-01
6.998143600000000000e+09,6.346937755188013508e-01,6.401509228443085231e-01
6.998150740000000000e+09,6.387621707881523392e-01,6.373592413760964526e-01
6.998157880000000000e+09,6.387697349180528894e-01,6.404325266441570630e-01
6.998165020000000000e+09,6.407530099802422052e-01,6.372029148303512969e-01
6.998172160000000000e+09,6.416629634914177149e-01,6.346301510356479048e-01
6.998179300000000000e+09,6.462043098175339617e-01,6.343595334662616159e-01
6.998186440000000000e+09,6.455002683032662336e-01,6.329393645279038916e-01
6.998193580000000000e+09,6.427876865919592841e-01,6.297982312926519999e-01
6.998200720000000000e+09,6.474469304240724199e-01,6.224963567174002232e-01
6.998207860000000000e+09,6.465332846445194237e-01,6.243496497038771853e-01
6.998215000000000000e+09,6.456050397183421552e-01,6.230704209466149113e-01
6.998222140000000000e+09,6.526819524601732425e-01,6.202915014244447800e-01
6.998229280000000000e+09,6.580407889008847988e-01,6.209271268204865635e-01
6.998236420000000000e+09,6.570966059430228823e-01,6.211775604559517383e-01
6.998243560000000000e+09,6.562831739369114903e-01,6.160802149682338413e-01
6.998250700000000000e+09,6.583699584706691477e-01,6.130306860975337502e-01
6.998257840000000000e+09,6.641328624393523228e-01,6.176001707624230175e-01
6.998264980000000000e+09,6.638043431327457222e-01,6.108783684966250238e-01
6.998272120000000000e+09,6.651997095624101464e-01,6.075458171441240340e-01
6.998279260000000000e+09,6.666085670631149984e-01,6.087109327242756773e-01
6.998286400000000000e+09,6.684012201025810729e-01,6.073040691628307508e-01
6.998293540000000000e+09,6.715413001212748867e-01,6.032529900881143936e-01
6.998300680000000000e+09,6.726388238332673408e-01,6.044476094654219755e-01
6.998307820000000000e+09,6.735654209822534710e-01,6.000888658844533152e-01
6.998314960000000000e+09,6.726457098278896263e-01,5.974075596948535960e-01
6.998322100000000000e+09,6.773482022442333106e-01,5.977937175686834914e-01
6.998329240000000000e+09,6.765491224406818827e-01,5.971542281348105607e-01
6.998336380000000000e+09,6.816940239430899773e-01,5.925141833585926276e-01
6.998343520000000000e+09,6.785500213553894433e-01,5.926053364422858571e-01
6.998350660000000000e+09,6.823997360599970419e-01,5.899122641220254648e-01
6.998357800000000000e+09,6.842401711432316569e-01,5.938961993209933565e-01
6.998364940000000000e+09,6.831825509757804005e-01,5.849711784987646768e-01
6.998372080000000000e+09,6.908497742308918887e-01,5.872904459741459249e-01
6.998379220000000000e+09,6.918976575725201972e-01,5.825440111969278911e-01
6.998386360000000000e+09,6.896177034308653697e-01,5.805145330205840892e-01
6.998393500000000000e+09,6.936533434809014631e-01,5.803234480498041803e-01
6.998400640000000000e+09,6.944292760809527287e-01,5.787728217045154944e-01
6.998407780000000000e+09,6.900038095740796962e-01,5.776162100328250393e-01
6.998414920000000000e+09,6.972876998775893176e-01,5.738293883942496842e-01
6.998422060000000000e+09,6.982171506751241319e-01,5.700537179165058310e-01
6.998429200000000000e+09,7.000561568717960093e-01,5.682541144915752573e-01
6.998436340000000000e+09,6.992827925189761817e-01,5.684160289550759249e-01
6.998443480000000000e+09,7.024415936696865037e-01,5.666182066761528136e-01
6.998450620000000000e+09,7.041644290082167412e-01,5.663045092454804808e-01
6.998457760000000000e+09,7.084346950796185372e-01,5.623895312850892836e-01
6.998464900000000000e+09,7.082618099802121536e-01,5.617094779219536926e-01
6.998472040000000000e+09,7.091131716767281601e-01,5.606513067962449748e-01
6.998479180000000000e+09,7.137104116163275336e-01,5.559680846417416333e-01
6.998486320000000000e+09,7.110670167671983011e-01,5.506801225734180294e-01
6.998493460000000000e+09,7.129205310300750220e-01,5.492974203390740273e-01
6.998500600000000000e+09,7.115845852770319446e-01,5.467770213174013572e-01
6.998507740000000000e+09,7.198718216871569098e-01,5.508243166084012543e-01
6.998514880000000000e+09,7.201745865854243256e-01,5.439266207681768828e-01
6.998522020000000000e+09,7.215887128046655219e-01,5.460571522776688225e-01
6.998529160000000000e+09,7.225986770552016436e-01,5.427286276576374080e-01
6.998536300000000000e+09,7.229837946383894653e-01,5.429429933237164274e-01
6.998543440000000000e+09,7.246938314631133915e-01,5.394654621394064931e-01
6.998550580000000000e+09,7.252549199951900949e-01,5.351928118135729218e-01
6.998557720000000000e+09,7.268445197026243143e-01,5.329271564141517814e-01
6.998564860000000000e+09,7.288498069162960835e-01,5.314185321101191350e-01
6.998572000000000000e+09,7.332510132317494600e-01,5.295109379943871986e-01
6.998579140000000000e+09,7.328215431488610543e-01,5.260023123434675041e-01
6.998586280000000000e+09,7.330727017098472853e-01,5.248930133499299933e-01
6.998593420000000000e+09,7.335069164122984819e-01,5.260623878251688978e-01
6.998600560000000000e+09,7.348683880657473910e-01,5.173158754641333790e-01
6.998607700000000000e+09,7.408130671712584991e-01,5.191043767698705347e-01
6.998614840000000000e+09,7.400868726011740062e-01,5.146315029119959972e-01
6.998621980000000000e+09,7.406709893751073359e-01,5.146681641290052900e-01
6.998629120000000000e+09,7.413024444601935548e-01,5.138130682649405534e-01
6.998636260000000000e+09,7.412321305199998100e-01,5.098478983993625091e-01
6.998643400000000000e+09,7.447684319052776392e-01,5.093292579551765842e-01
6.998650540000000000e+09,7.480978558622253249e-01,5.024140799715967054e-01
6.998657680000000000e+09,7.470102952171581157e-01,5.056084248870330589e-01
6.998664820000000000e+09,7.487821370632073981e-01,4.999789910933742920e-01
6.998671960000000000e+09,7.502322054858939770e-01,5.002108832887829371e-01
6.998679100000000000e+09,7.523274905259430545e-01,4.971016929549206820e-01
6.998686240000000000e+09,7.503526588096001149e-01,4.893262091601936481e-01
6.998693380000000000e+09,7.544945886571503557e-01,4.907354419215542163e-01
6.998700520000000000e+09,7.546795992566946998e-01,4.904284137726937498e-01
6.998707660000000000e+09,7.595768387984292991e-01,4.908246541607602098e-01
6.998714800000000000e+09,7.576819959201459564e-01,4.860099069396577876e-01
6.998721940000000000e+09,7.617890291865030417e-01,4.836586766221918077e-01
6.998729080000000000e+09,7.650917418292509931e-01,4.780149573416602737e-01
6.998736220000000000e+09,7.628197645018368611e-01,4.813886630278552681e-01
6.998743360000000000e+09,7.636440226305161172e-01,4.798154456656544276e-01
6.998750500000000000e+09,7.666263539619508904e-01,4.739221133033364453e-01
6.998757640000000000e+09,7.676318090928676563e-01,4.710777387653323212e-01
6.998764780000000000e+09,7.670370417189386059e-01,4.659199267230475505e-01
6.998771920000000000e+09,7.713305151619582745e-01,4.685537876225328580e-01
6.998779060000000000e+09,7.758200689780446746e-01,4.698090287465136461e-01
6.998786200000000000e+09,7.726490948501171241e-01,4.634440819496615238e-01
6.998793340000000000e+09,7.741317314399785987e-01,4.621305621239035211e-01
6.998800480000000000e+09,7.738156281256390878e-01,4.582683915173625944e-01
6.998807620000000000e+09,7.779074797766963867e-01,4.527828549300520478e-01
6.998814760000000000e+09,7.761349211213856014e-01,4.549823513515838247e-01
6.998821900000000000e+09,7.777702984235861372e-01,4.473832631722896580e-01
6.998829040000000000e+09,7.838944528375051402e-01,4.469616115131165301e-01
6.998836180000000000e+09,7.808707940779551215e-01,4.454581245994810867e-01
6.998843320000000000e+09,7.861865728609159776e-01,4.441704974769616898e-01
6.998850460000000000e+09,7.884102567293386210e-01,4.407275053736533499e-01
6.998857600000000000e+09,7.872133502003532124e-01,4.381464749819409255e-01
6.998864740000000000e+09,7.891300564704422094e-01,4.333133305442248839e-01
6.998871880000000000e+09,7.932517160825836022e-01,4.297071014019986368e-01
6.998879020000000000e+09,7.902730044072828752e-01,4.298441832877324398e-01
6.998886160000000000e+09,7.907949433676977335e-01,4.257218487129139084e-01
6.998893300000000000e+09,7.905841713863154263e-01,4.219331153000399626e-01
6.998900440000000000e+09,7.946788468313129572e-01,4.194084620593683810e-01
6.998907580000000000e+09,7.988535742706540654e-01,4.183367694946611426e-01
6.998914720000000000e+09,7.991093147578077760e-01,4.129733204885243647e-01
6.998921860000000000e+09,7.965956929832618272e-01,4.113295445527409000e-01
6.998929000000000000e+09,7.980537151471532864e-01,4.080845296518823551e-01
6.998936140000000000e+09,8.000354757116644455e-01,4.090337215902832835e-01
6.998943280000000000e+09,8.029023882749911634e-01,4.067834014758937577e-01
6.998950420000000000e+09,8.031758616734516742e-01,4.072635237087092741e-01
6.998957560000000000e+09,8.052785368836689051e-01,3.975193099873728375e-01
6.998964700000000000e+09,8.067006744604235946e-01,3.964033563495626411e-01
6.998971840000000000e+09,8.067615441639522933e-01,3.968187334485318019e-01
6.998978980000000000e+09,8.085248709965221492e-01,3.917734228148665454e-01
6.998986120000000000e+09,8.102586622185383725e-01,3.887486458474205819e-01
6.998993260000000000e+09,8.109118227803561174e-01,3.899985685005601943e-01
6.999000400000000000e+09,8.133150056547723272e-01,3.830626168245361840e-01
6.999007540000000000e+09,8.172717206772553977e-01,3.785675405878063948e-01
6.999014680000000000e+09,8.159296042018877593e-01,3.753675327548069429e-01
6.999021820000000000e+09,8.160665335037363688e-01,3.757749361784541442e-01
6.999028960000000000e+09,8.137853621245758617e-01,3.727964804925185116e-01
6.999036100000000000e+09,8.191295012731438785e-01,3.665050103174495311e-01
6.999043240000000000e+09,8.156493797911731347e-01,3.643196519139830780e-01
6.999050380000000000e+09,8.179068349139031469e-01,3.643811443929440563e-01
6.999057520000000000e+09,8.236092140705338904e-01,3.614663962052645507e-01
6.999064660000000000e+09,8.244801468024169910e-01,3.560040439154480429e-01
6.999071800000000000e+09,8.239280843325526016e-01,3.554916299573036009e-01
6.999078940000000000e+09,8.219605991224259167e-01,3.523252912008305593e-01
6.999086080000000000e+09,8.257827780768202119e-01,3.445270573728170804e-01
6.999093220000000000e+09,8.263048606488732073e-01,3.443575539855590617e-01
6.999100360000000000e+09,8.300646948077885501e-01,3.426767700895975710e-01
6.999107500000000000e+09,8.344267611397064854e-01,3.375411239822471710e-01
6.999114640000000000e+09,8.314568463977010104e-01,3.312256162293585326e-01
6.999121780000000000e+09,8.305672254849184588e-01,3.317286185978330360e-01
6.999128920000000000e+09,8.308785524003172718e-01,3.305644672021306740e-01
6.999136060000000000e+09,8.341919779803748103e-01,3.289606763470561135e-01
6.999143200000000000e+09,8.350255415492090494e-01,3.181313071927530101e-01
6.999150340000000000e+09,8.341412366981784121e-01,3.244254015834364679e-01
6.999157480000000000e+09,8.377320414451405739e-01,3.136026914997047110e-01
6.999164620000000000e+09,8.362421791289845752e-01,3.144008532285240687e-01
6.999171760000000000e+09,8.418022120185827406e-01,3.115564029092705023e-01
6.999178900000000000e+09,8.427262887426938409e-01,3.076256726450788404e-01
6.999186040000000000e+09,8.437821465385387798e-01,3.025004118396460440e-01
6.999193180000000000e+09,8.416645178503959768e-01,2.963891323948583678e-01
6.999200320000000000e+09,8.446295882572164571e-01,2.964444648070110877e-01
6.999207460000000000e+09,8.443119077219713997e-01,2.902081572559848111e-01
6.999214600000000000e+09,8.447610926798058140e-01,2.830076959848832341e-01
6.999221740000000000e+09,8.458098457111487001e-01,2.900917983828896207e-01
6.999228880000000000e+09,8.448244359370221668e-01,2.821968177963450342e-01
6.999236020000000000e+09,8.454577151142123048e-01,2.807282989763105752e-01
6.999243160000000000e+09,8.508410090352385158e-01,2.715445450395222449e-01
6.999250300000000000e+09,8.497616966080170364e-01,2.725417286989850196e-01
6.999257440000000000e+09,8.514531205390508672e-01,2.689878256971290904e-01
6.999264580000000000e+09,8.538835478224717779e-01,2.650801012290360248e-01
6.999271720000000000e+09,8.492568797086244015e-01,2.580521454499756784e-01
6.999278860000000000e+09,8.519804419703636000e-01,2.517728929314919650e-01
6.999286000000000000e+09,8.547068152109931205e-01,2.498651852617581881e-01
6.999293140000000000e+09,8.559289767259413706e-01,2.418140025737287035e-01
6.999300280000000000e+09,8.551597543472190255e-01,2.387719511976837961e-01
6.999307420000000000e+09,8.587210903909098247e-01,2.382719301101284548e-01
6.999314560000000000e+09,8.578112607675626444e-01,2.319718755724033965e-01
6.999321700000000000e+09,8.556695107257101807e-01,2.294458088047260924e-01
6.999328840000000000e+09,8.569177261371806464e-01,2.253289732450527993e-01
6.999335980000000000e+09,8.610494102815425821e-01,2.251317297368206627e-01
6.999343120000000000e+09,8.610005913730742755e-01,2.195386178005074296e-01
6.999350260000000000e+09,8.568834678202905675e-01,2.124752078673029232e-01
6.999357400000000000e+09,8.639587762804049609e-01,2.105515115142251037e-01
6.999364540000000000e+09,8.630131033163178644e-01,2.020888454246127508e-01
6.999371680000000000e+09,8.650281404971549293e-01,1.984334214130447915e-01
6.999378820000000000e+09,8.620678678633170167e-01,1.963295313806688036e-01
6.999385960000000000e+09,8.627057105167769135e-01,1.873690446134587961e-01
6.999393100000000000e+09,8.614726502501520722e-01,1.845775469092991172e-01
6.999400240000000000e+09,8.691929194656690116e-01,1.777152130691918297e-01
6.999407380000000000e+09,8.641250795247505945e-01,1.757498431000434902e-01
6.999414520000000000e+09,8.679696961983419667e-01,1.738728112816590177e-01
6.999421660000000000e+09,8.637785822695543958e-01,1.641295927669726706e-01
6.999428800000000000e+09,8.656373559405774465e-01,1.610428600186443182e-01
6.999435940000000000e+09,8.621594024686973778e-01,1.536832057576971722e-01
6.999443080000000000e+09,8.648825702471917287e-01,1.479930034200544198e-01
6.999450220000000000e+09,8.677134793311492844e-01,1.425601681715806812e-01
6.999457360000000000e+09,8.632891793847733419e-01,1.426046032879743630e-01
6.999464500000000000e+09,8.679302672380324601e-01,1.390045599813365951e-01
6.999471640000000000e+09,8.663971357761994785e-01,1.297495559480965344e-01
6.999478780000000000e+09,8.635123934535087198e-01,1.217716224940443154e-01
6.999485920000000000e+09,8.644124245430606646e-01,1.189494019583673123e-01
6.999493060000000000e+09,8.642472059624239922e-01,1.111187015896778207e-01
6.999500200000000000e+09,8.647469077376553903e-01,1.075477842737885270e-01
6.999507340000000000e+09,8.633814306554501439e-01,1.005920530313052924e-01
6.999514480000000000e+09,8.623301101015464765e-01,9.453946421089740038e-02
6.999521620000000000e+09,8.628254477408768830e-01,8.906692748517827662e-02
6.999528760000000000e+09,8.607452499050383121e-01,8.046540154604932271e-02
6.999535900000000000e+09,8.594940549809735320e-01,7.448467626791906160e-02
6.999543040000000000e+09,8.611553930410534852e-01,6.541422456121342988e-02
6.999550180000000000e+09,8.620952382727810059e-01,6.142779352949468558e-02
6.999557320000000000e+09,8.562417784699524193e-01,5.281039647622640804e-02
6.999564460000000000e+09,8.581656497915924886e-01,4.859511764592918531e-02
6.999571600000000000e+09,8.555972840904476628e-01,4.008168695883615462e-02
6.999578740000000000e+09,8.535548417708201940e-01,3.519209668606115143e-02
6.999585880000000000e+09,8.556937562446603751e-01,2.876616677060381613e-02
6.999593020000000000e+09,8.512860229561449721e-01,1.776408383451058559e-02
6.999600160000000000e+09,8.535035455515004310e-01,1.159423863282191963e-02
6.999607300000000000e+09,8.469717112599614017e-01,3.819784335942151381e-03
6.999614440000000000e+09,8.471588403995722327e-01,-4.484374728559511070e-04
6.999621580000000000e+09,8.436051614926948217e-01,-6.312436785013494575e-03
6.999628720000000000e+09,8.400337323736449813e-01,-1.594402584886948915e-02
6.999635860000000000e+09,8.399952596865948307e-01,-2.640817069190765781e-02
6.999643000000000000e+09,8.355712512802729863e-01,-3.098369154384167726e-02
6.999650140000000000e+09,8.339183084906269805e-01,-4.528996458664266006e-02
6.999657280000000000e+09,8.292025724937734932e-01,-4.775591662683182498e-02
6.999664420000000000e+09,8.234496008963207991e-01,-6.070550613012493102e-02
6.999671560000000000e+09,8.214631087741016691e-01,-7.373786634737562740e-02
6.999678700000000000e+09,8.175210800517573873e-01,-7.180520303828645534e-02
6.999685840000000000e+09,8.147686770149085156e-01,-8.302447010311155007e-02
6.999692980000000000e+09,8.061379122546470377e-01,-9.746014145344210344e-02
6.999700120000000000e+09,8.026127061561664222e-01,-1.044133504923966532e-01
6.999707260000000000e+09,7.936074122613556714e-01,-1.146703150021606971e-01
6.999714400000000000e+09,7.923080300845770640e-01,-1.236562475046208837e-01
6.999721540000000000e+09,7.823636582065035538e-01,-1.365689723003918055e-01
6.999728680000000000e+09,7.739752323498303443e-01,-1.448205535428454538e-01
6.999735820000000000e+09,7.700410031569409064e-01,-1.524793230772135133e-01
6.999742960000000000e+09,7.644212129300245184e-01,-1.630167457633813766e-01
6.999750100000000000e+09,7.506573934978837404e-01,-1.711837702332927591e-01
6.999757240000000000e+09,7.424382031848422159e-01,-1.835970100536146732e-01
6.999764380000000000e+09,7.334112138190341801e-01,-1.892639424639956658e-01
6.999771520000000000e+09,7.222602907530937255e-01,-2.056048595484012143e-01
6.999778660000000000e+09,7.141989598472394674e-01,-2.138399692689281761e-01
6.999785800000000000e+09,7.000057358952364028e-01,-2.283148552598499581e-01
6.999792940000000000e+09,6.875769033912509931e-01,-2.370089900500606250e-01
6.999800080000000000e+09,6.767643742827009756e-01,-2.417155031717115321e-01
6.999807220000000000e+09,6.598024725649416222e-01,-2.559229240080465040e-01
6.999814360000000000e+09,6.469931934669541640e-01,-2.623738115033125151e-01
6.999821500000000000e+09,6.280596593982047393e-01,-2.726196665817703368e-01
6.999828640000000000e+09,6.104786950858540617e-01,-2.832306125808941033e-01
6.999835780000000000e+09,5.911274774498618267e-01,-2.899798384872793733e-01
6.999842920000000000e+09,5.793856457292796414e-01,-2.978523106677522514e-01
6.999850060000000000e+09,5.548388133706819714e-01,-3.046299145167782885e-01
6.999857200000000000e+09,5.347253810260460538e-01,-3.081521046952822029e-01
6.999864340000000000e+09,5.118778205698983896e-01,-3.134035087196022085e-01
6.999871480000000000e+09,4.889222569097101956e-01,-3.198191134866710805e-01
6.999878620000000000e+09,4.643561377392217970e-01,-3.231956633950918145e-01
6.999885760000000000e+09,4.427705597974659901e-01,-3.221420782640366243e-01
6.999892900000000000e+09,4.106890716767521710e-01,-3.226823348462371510e-01
6.999900040000000000e+09,3.826769172464430935e-01,-3.184917690155336101e-01
6.999907180000000000e+09,3.561280891627012224e-01,-3.114361917218395615e-01
6.999914320000000000e+09,3.273293801766649636e-01,-3.092398730858862410e-01
6.999921460000000000e+09,3.030067980886658741e-01,-3.030140388766930926e-01
6.999928600000000000e+09,2.745450132334356641e-01,-2.930240147404848949e-01
6.999935740000000000e+09,2.424885264001234719e-01,-2.817451899197750964e-01
6.999942880000000000e+09,2.135164863152288761e-01,-2.667435143918379659e-01
6.999950020000000000e+09,1.881383943266521919e-01,-2.493480533259807008e-01
6.999957160000000000e+09,1.651458899135469227e-01,-2.280637360422844984e-01
6.999964300000000000e+09,1.315137789807430679e-01,-2.056345850447359735e-01
6.999971440000000000e+09,1.145768481609148459e-01,-1.784795639447689652e-01
6.999978580000000000e+09,8.962134570664152811e-02,-1.537858679127102335e-01
6.999985720000000000e+09,7.425781628794533851e-02,-1.244415679240973432e-01
6.999992860000000000e+09,5.282600649849742563e-02,-9.582925911528585028e-02
7.000000000000000000e+09,3.982203599112123238e-02,-5.802542987549182130e-02
7.000007140000000000e+09,2.555584240343404534e-02,-2.711790437168973278e-02
7.000014280000000000e+09,1.765939113487270673e-02,9.392449539715810869e-03
7.000021420000000000e+09,1.635078290298369250e-02,4.176804925374964783e-02
7.000028560000000000e+09,1.209888699156698617e-02,7.757623754555655060e-02
7.000035700000000000e+09,9.386544830749332310e-03,1.082476406226995369e-01
7.000042840000000000e+09,1.092632933626830165e-02,1.437347378176289936e-01
7.000049980000000000e+09,1.394912629244327885e-02,1.803878847421873099e-01
7.000057120000000000e+09,2.442670145256900863e-02,2.040747406475219849e-01
7.000064260000000000e+09,3.482439239694799099e-02,2.390748070295868055e-01
7.000071400000000000e+09,4.635522355505037467e-02,2.688022114574336041e-01
7.000078540000000000e+09,5.969838602828156371e-02,2.932852652971851271e-01
7.000085680000000000e+09,7.248896174990829278e-02,3.192711061069509193e-01
7.000092820000000000e+09,9.069336111932535527e-02,3.438033779955915192e-01
7.000099960000000000e+09,1.078608050030330501e-01,3.615901419126413829e-01
7.000107100000000000e+09,1.284360564234609814e-01,3.836412060297758608e-01
7.000114240000000000e+09,1.481115743064188583e-01,3.991247921285484002e-01
7.000121380000000000e+09,1.630535498953545326e-01,4.158807047824145675e-01
7.000128520000000000e+09,1.810092849722191588e-01,4.306949061206538643e-01
7.000135660000000000e+09,2.017489216001560892e-01,4.447686129724370274e-01
7.000142800000000000e+09,2.199994313636538801e-01,4.569559194054572671e-01
7.000149940000000000e+09,2.389581909198105203e-01,4.677585807406283713e-01
7.000157080000000000e+09,2.593569727898835109e-01,4.727791264265384652e-01
7.000164220000000000e+09,2.761470138126377871e-01,4.873470588376024315e-01
7.000171360000000000e+09,2.978722434635790450e-01,4.921279945121327382e-01
7.000178500000000000e+09,3.144967300966414747e-01,4.966587132040700125e-01
7.000185640000000000e+09,3.328290015256802903e-01,4.988774570956027721e-01
7.000192780000000000e+09,3.491385200234242148e-01,5.029762103693475872e-01
7.000199920000000000e+09,3.647554488672856698e-01,5.070155399602880308e-01
7.000207060000000000e+09,3.805357707266002198e-01,5.087286036906949471e-01
7.000214200000000000e+09,3.976868995317592859e-01,5.057615508367940826e-01
7.000221340000000000e+09,4.122984568783316095e-01,5.114281760612051642e-01
7.000228480000000000e+09,4.286038514249683740e-01,5.160379417868007357e-01
7.000235620000000000e+09,4.423768996557917443e-01,5.059259767110672046e-01
7.000242760000000000e+09,4.534272891901653946e-01,5.109513897702208096e-01
7.000249900000000000e+09,4.695776318570529795e-01,5.084618906367331936e-01
7.000257040000000000e+09,4.795850969843459821e-01,5.059034514748809164e-01
7.000264180000000000e+09,4.934131057494110517e-01,5.070458341428181193e-01
7.000271320000000000e+09,5.059932278141222595e-01,4.996105045477681195e-01
7.000278460000000000e+09,5.139413732360479381e-01,4.999153174697874569e-01
7.000285600000000000e+09,5.293729406632997625e-01,4.998943188597957388e-01
7.000292740000000000e+09,5.401920682055656453e-01,4.935870458594310284e-01
7.000299880000000000e+09,5.498906274033000807e-01,4.900484022887832691e-01
7.000307020000000000e+09,5.593051949166960579e-01,4.878945264604511722e-01
7.000314160000000000e+09,5.689983851145159477e-01,4.833517658806438799e-01
7.000321300000000000e+09,5.770426830638037963e-01,4.839226557855169086e-01
7.000328440000000000e+09,5.873784383244146090e-01,4.752476155012929082e-01
7.000335580000000000e+09,5.954197557792680895e-01,4.751742195121173018e-01
7.000342720000000000e+09,6.050133281528653484e-01,4.669908177370097335e-01
7.000349860000000000e+09,6.104368680240710443e-01,4.670494241313148942e-01
7.000357000000000000e+09,6.210536504406808378e-01,4.615053930971088070e-01
7.000364140000000000e+09,6.283398944407739828e-01,4.524033283098086722e-01
7.000371280000000000e+09,6.349860414488044391e-01,4.536483744671640506e-01
7.000378420000000000e+09,6.413618220770832545e-01,4.473760105305971679e-01
7.000385560000000000e+09,6.500815247123513663e-01,4.445336405534900392e-01
7.000392700000000000e+09,6.521595692184924964e-01,4.444627520995733660e-01
7.000399840000000000e+09,6.627062679027343473e-01,4.348352385727837777e-01
7.000406980000000000e+09,6.683616232757081388e-01,4.307704837286894239e-01
7.000414120000000000e+09,6.743346274969795884e-01,4.317197800807869856e-01
7.000421260000000000e+09,6.802371233239091763e-01,4.247976371210260838e-01
7.000428400000000000e+09,6.836839162988418428e-01,4.235270692364468403e-01
7.000435540000000000e+09,6.898185066613338190e-01,4.168214803886606812e-01
7.000442680000000000e+09,6.967903687636012311e-01,4.101439065151356589e-01
7.000449820000000000e+09,7.013957207201280131e-01,4.076290928175825279e-01
7.000456960000000000e+09,7.058118700967633830e-01,4.061089283390861837e-01
7.000464100000000000e+09,7.070857660927104549e-01,4.013407567822172006e-01
7.000471240000000000e+09,7.157639636261964311e-01,3.952442261266937984e-01
7.000478380000000000e+09,7.214643229279930070e-01,3.911924740870156292e-01
7.000485520000000000e+09,7.254506517690083589e-01,3.867250555558894298e-01
7.000492660000000000e+09,7.280788085489239281e-01,3.816470687851596932e-01
7.000499800000000000e+09,7.285540981732312460e-01,3.827048255076695993e-01
7.000506940000000000e+09,7.374962259675963416e-01,3.746621335255472807e-01
7.000514080000000000e+09,7.391459911344179234e-01,3.682542067735967706e-01
7.000521220000000000e+09,7.380967101873634473e-01,3.655509310625081332e-01
7.000528360000000000e+09,7.475333071191563317e-01,3.639967762841086474e-01
7.000535500000000000e+09,7.473114105038071164e-01,3.598137301790051423e-01
7.000542640000000000e+09,7.511231043189722234e-01,3.542245855884607608e-01
7.000549780000000000e+09,7.557731537211664907e-01,3.491648591950249902e-01
7.000556920000000000e+09,7.628255219724137115e-01,3.466423970817432698e-01
7.000564060000000000e+09,7.626892769279347561e-01,3.392269812626925174e-01
7.000571200000000000e+09,7.670399743818883120e-01,3.360879971571477665e-01
7.000578340000000000e+09,7.729802467956323753e-01,3.365257055050986379e-01
7.000585480000000000e+09,7.755807583080688294e-01,3.300369356403658472e-01
7.000592620000000000e+09,7.750190982734206369e-01,3.279545622680948291e-01
7.000599760000000000e+09,7.775031219846578745e-01,3.258714304568112730e-01
7.000606900000000000e+09,7.781544582469853699e-01,3.209061959564247224e-01
7.000614040000000000e+09,7.819093145766895514e-01,3.158382677933537219e-01
7.000621180000000000e+09,7.867051938594417093e-01,3.164186546411140166e-01
7.000628320000000000e+09,7.891385250839666465e-01,3.096836472161778597e-01
7.000635460000000000e+09,7.909985009462556782e-01,3.038706962194134831e-01
7.000642600000000000e+09,7.951389120399210420e-01,3.024148216932983080e-01
7.000649740000000000e+09,7.939180474149921674e-01,2.980785973370957409e-01
7.000656880000000000e+09,7.976080850472162531e-01,2.918308811387366197e-01
7.000664020000000000e+09,8.013858741177084521e-01,2.901121015128894087e-01
7.000671160000000000e+09,8.032421704381047523e-01,2.860140970246424774e-01
7.000678300000000000e+09,8.063151790127711660e-01,2.787213501043585007e-01
7.000685440000000000e+09,8.070171694422804132e-01,2.788406680285423489e-01
7.000692580000000000e+09,8.076060500646145002e-01,2.750631490537643886e-01
7.000699720000000000e+09,8.109042465861726612e-01,2.712132035502463623e-01
7.000706860000000000e+09,8.100842984838277916e-01,2.652204018704629740e-01
7.000714000000000000e+09,8.106761037013195947e-01,2.643800534659569434e-01
7.000721140000000000e+09,8.169390424525581063e-01,2.615529038346841029e-01
7.000728280000000000e+09,8.174484260635507260e-01,2.583874001268084974e-01
7.000735420000000000e+09,8.199160075041335149e-01,2.524042863893353195e-01
7.000742560000000000e+09,8.176048732759608750e-01,2.526182994774320290e-01
7.000749700000000000e+09,8.219326966282000102e-01,2.454147365477165055e-01
7.000756840000000000e+09,8.230885387537973941e-01,2.440673714323312316e-01
7.000763980000000000e+09,8.241487811870530367e-01,2.438410371871322369e-01
7.000771120000000000e+09,8.229206939542869081e-01,2.363811132969579343e-01
7.000778260000000000e+09,8.282799687396997790e-01,2.334179274583579322e-01
7.000785400000000000e+09,8.322296628846140853e-01,2.333540889118332351e-01
7.000792540000000000e+09,8.326495769665728242e-01,2.270533130375920472e-01
7.000799680000000000e+09,8.321062153099447745e-01,2.239432483983386790e-01
7.000806820000000000e+09,8.346676653162757864e-01,2.217349245311799055e-01
7.000813960000000000e+09,8.375698618037338283e-01,2.201786798007197565e-01
7.000821100000000000e+09,8.318645330693280604e-01,2.102491789561927726e-01
7.000828240000000000e+09,8.384363670488754749e-01,2.098474016296652533e-01
7.000835380000000000e+09,8.410435527998942895e-01,2.062657263593524193e-01
7.000842520000000000e+09,8.425654163680835751e-01,2.029068069870842983e-01
7.000849660000000000e+09,8.458195510169481679e-01,2.001941975093608217e-01
7.000856800000000000e+09,8.458786472648989196e-01,1.970546297637318922e-01
7.000863940000000000e+09,8.453982688504202425e-01,1.962377366851336125e-01
7.000871080000000000e+09,8.465163726419226986e-01,1.906500318405378314e-01
7.000878220000000000e+09,8.486008280108194857e-01,1.895936343808309887e-01
7.000885360000000000e+09,8.470385699352929176e-01,1.870464763586960899e-01
7.000892500000000000e+09,8.491034173978275756e-01,1.816214872304273698e-01
7.000899640000000000e+09,8.520396201773177136e-01,1.802918949012347616e-01
7.000906780000000000e+09,8.551626401804168776e-01,1.802981252576742466e-01
7.000913920000000000e+09,8.519275458353697816e-01,1.745343432524527061e-01
7.000921060000000000e+09,8.531257820570138373e-01,1.695114402430122069e-01
7.000928200000000000e+09,8.545746538368492740e-01,1.676393520865809839e-01
7.000935340000000000e+09,8.577982387212572668e-01,1.628631522011212140e-01
7.000942480000000000e+09,8.559647779701247128e-01,1.622714219747486974e-01
7.000949620000000000e+09,8.598575258971412616e-01,1.604714562382292542e-01
7.000956760000000000e+09,8.558591089202198798e-01,1.540312009932152115e-01
7.000963900000000000e+09,8.582745489633973879e-01,1.522906879889985021e-01
7.000971040000000000e+09,8.590854310434641317e-01,1.520154428781330669e-01
7.000978180000000000e+09,8.618712021162391324e-01,1.457567804998926575e-01
7.000985320000000000e+09,8.631867675310040955e-01,1.442013252380531241e-01
7.000992460000000000e+09,8.588573680275726208e-01,1.387785375825537904e-01
7.000999600000000000e+09,8.608083025219641637e-01,1.362610638572601951e-01
7.001006740000000000e+09,8.640571025318998233e-01,1.339615521377794660e-01
7.001013880000000000e+09,8.627937474084051983e-01,1.364448210513965476e-01
7.001021020000000000e+09,8.617771833281210325e-01,1.283674979680221317e-01
7.001028160000000000e+09,8.675933512741594855e-01,1.252286710770203204e-01
7.001035300000000000e+09,8.671824052301946306e-01,1.222746255146769656e-01
7.001042440000000000e+09,8.678428801592364961e-01,1.201915296127140514e-01
7.001049580000000000e+09,8.665519376580910205e-01,1.189654803207654404e-01
7.001056720000000000e+09,8.701915038183477558e-01,1.151725197622578273e-01
7.001063860000000000e+09,8.682692415993030766e-01,1.160579917020865132e-01
7.001071000000000000e+09,8.715425397657117212e-01,1.095275535396390415e-01
7.001078140000000000e+09,8.681120489138539620e-01,1.091610307372058997e-01
7.001085280000000000e+09,8.687982437512479228e-01,1.039944370904602594e-01
7.001092420000000000e+09,8.714726187687165115e-01,1.018353864425748795e-01
7.001099560000000000e+09,8.702012588877597876e-01,9.492853222990689510e-02
7.001106700000000000e+09,8.734855143508377662e-01,9.476130818614596218e-02
7.001113840000000000e+09,8.731697344462854282e-01,9.208530139594825470e-02
7.001120980000000000e+09,8.713050150412694483e-01,8.895301823096285476e-02
7.001128120000000000e+09,8.737847278371734250e-01,8.235676887478740604e-02
7.001135260000000000e+09,8.734113048605458562e-01,8.565512255235269157e-02
7.001142400000000000e+09,8.764073928555063953e-01,8.035857129122651876e-02
7.001149540000000000e+09,8.737596657346652362e-01,7.750327772970315443e-02
7.001156680000000000e+09,8.745828171656460093e-01,7.512307728441504351e-02
7.001163820000000000e+09,8.783075411526373166e-01,7.243861636782297775e-02
7.001170960000000000e+09,8.807738313251995965e-01,7.097758608174685457e-02
7.001178100000000000e+09,8.806940690377035308e-01,6.489710634683894253e-02
7.001185240000000000e+09,8.772098875705404142e-01,6.285994449665252559e-02
7.001192380000000000e+09,8.778966722989423044e-01,6.259313998442120330e-02
7.001199520000000000e+09,8.808896780989554642e-01,5.959978349188329444e-02
7.001206660000000000e+09,8.779261070018790081e-01,5.585886685819549391e-02
7.001213800000000000e+09,8.765630499879890625e-01,5.277464056798326919e-02
7.001220940000000000e+09,8.790789613390712631e-01,4.957055303177768796e-02
7.001228080000000000e+09,8.800665269211376263e-01,4.844619684543449017e-02
7.001235220000000000e+09,8.778124265496207723e-01,4.825436567856195708e-02
7.001242360000000000e+09,8.764745698856672984e-01,4.111320435276811375e-02
7.001249500000000000e+09,8.771790751980661494e-01,4.361868294073126956e-02
7.001256640000000000e+09,8.816582093053824121e-01,3.960901247171207118e-02
7.001263780000000000e+09,8.790748445891817253e-01,3.437031379571716533e-02
7.001270920000000000e+09,8.805626938527417735e-01,3.420370058846283062e-02
7.001278060000000000e+09,8.815139498231742143e-01,2.707310165158572854e-02
7.001285200000000000e+09,8.825603204952017222e-01,2.391509597661335695e-02
7.001292340000000000e+09,8.808753066220877948e-01,2.217793150420451637e-02
7.001299480000000000e+09,8.827555871816438193e-01,2.132310039318206091e-02
7.001306620000000000e+09,8.801811493306829215e-01,1.888265356587243149e-02
7.001313760000000000e+09,8.814311247499787560e-01,1.589978873858764741e-02
7.001320900000000000e+09,8.802892691949200099e-01,1.453117720084082069e-02
7.001328040000000000e+09,8.847755408016373391e-01,7.469879967082782360e-03
7.001335180000000000e+09,8.826221959653017812e-01,1.014428103310926858e-02
7.001342320000000000e+09,8.813526431162260755e-01,3.733855935755593571e-03
7.001349460000000000e+09,8.822720373433158292e-01,2.675054323382454555e-03
7.001356600000000000e+09,8.826695596175700986e-01,6.007208915601693414e-04
7.001363740000000000e+09,8.846410883144498749e-01,-3.451019897488931745e-03
7.001370880000000000e+09,8.801666869237299018e-01,-6.440358633141081424e-03
7.001378020000000000e+09,8.813924166347721911e-01,-8.265075922797605890e-03
7.001385160000000000e+09,8.828105196978017766e-01,-8.826157139276665994e-03
7.001392300000000000e+09,8.887223652588018830e-01,-1.016663702563719122e-02
7.001399440000000000e+09,8.856513193000719042e-01,-1.275736610615181392e-02
7.001406580000000000e+09,8.835905280282094765e-01,-1.840904544621952896e-02
7.001413720000000000e+09,8.853022342365873820e-01,-2.053248370966688496e-02
7.001420860000000000e+09,8.880493152602176865e-01,-2.331488726515563992e-02
7.001428000000000000e+09,8.835146359572459973e-01,-2.309353871763462560e-02
7.001435140000000000e+09,8.832885184960624914e-01,-3.058266147461983359e-02
7.001442280000000000e+09,8.864760601753101099e-01,-2.654101930750130470e-02
7.001449420000000000e+09,8.850630232100011874e-01,-3.249244593095439171e-02
7.001456560000000000e+09,8.854315722362661178e-01,-3.559032771998796307e-02
7.001463700000000000e+09,8.830784915051902439e-01,-3.584015664561128467e-02
7.001470840000000000e+09,8.879412304383557109e-01,-3.694499694294457043e-02
7.001477980000000000e+09,8.875018107431452696e-01,-4.081166324635922965e-02
7.001485120000000000e+09,8.851963051959036433e-01,-4.187339796031049055e-02
7.001492260000000000e+09,8.854068025417942689e-01,-4.618772649542478986e-02
7.001499400000000000e+09,8.799496032663879364e-01,-4.647026126980069449e-02
7.001506540000000000e+09,8.852375906709347708e-01,-4.890788605728120519e-02
7.001513680000000000e+09,8.835241978686736442e-01,-5.406144012968271129e-02
7.001520820000000000e+09,8.847227212148980335e-01,-5.344399068702070793e-02
7.001527960000000000e+09,8.851546260853980774e-01,-5.844853248906078935e-02
7.001535100000000000e+09,8.830342747883735965e-01,-6.105552171681125073e-02
7.001542240000000000e+09,8.802554493310362771e-01,-6.551930723632543030e-02
7.001549380000000000e+09,8.842841692097845874e-01,-6.669674707803856240e-02
7.001556520000000000e+09,8.819701605431704561e-01,-6.700265548100696467e-02
7.001563660000000000e+09,8.826895952344567808e-01,-7.361758608660667891e-02
7.001570800000000000e+09,8.820306134167348322e-01,-7.212338295052907189e-02
7.001577940000000000e+09,8.824387738506372925e-01,-7.515163457133179625e-02
7.001585080000000000e+09,8.783778539013250564e-01,-7.771590473241136998e-02
7.001592220000000000e+09,8.852984915403345756e-01,-8.510212681828992209e-02
7.001599360000000000e+09,8.832317620022948068e-01,-8.330972449581754147e-02
7.001606500000000000e+09,8.848011541320811579e-01,-8.421682325617700637e-02
7.001613640000000000e+09,8.863841798740417222e-01,-8.944539263751812019e-02
7.001620780000000000e+09,8.823087186356375344e-01,-9.014106951164205239e-02
7.001627920000000000e+09,8.784906316747924659e-01,-9.747611571798427132e-02
7.001635060000000000e+09,8.801326772540409848e-01,-9.377158027724828704e-02
7.001642200000000000e+09,8.793246024037735253e-01,-9.882976432868519068e-02
7.001649340000000000e+09,8.805456741363222317e-01,-9.814887613721846871e-02
7.001656480000000000e+09,8.815128204353873675e-01,-1.059600361398967266e-01
7.001663620000000000e+09,8.771463767199944028e-01,-1.032690073706017120e-01
7.001670760000000000e+09,8.816260908320644463e-01,-1.075027265702924589e-01
7.001677900000000000e+09,8.777040124399688725e-01,-1.077851953407366337e-01
7.001685040000000000e+09,8.810962743850639933e-01,-1.136196478814327504e-01
7.001692180000000000e+09,8.800526462186029075e-01,-1.153692590322326073e-01
7.001699320000000000e+09,8.794077509776234702e-01,-1.120078706946914943e-01
7.001706460000000000e+09,8.796456457988609534e-01,-1.205094377912541703e-01
7.001713600000000000e+09,8.784622605140917084e-01,-1.226146992561277793e-01
7.001720740000000000e+09,8.780603566203010191e-01,-1.241052906250608434e-01
7.001727880000000000e+09,8.756566996471480957e-01,-1.279431147615945064e-01
7.001735020000000000e+09,8.786933318128236081e-01,-1.258593618261223679e-01
7.001742160000000000e+09,8.821675196109982631e-01,-1.271289520615448421e-01
7.001749300000000000e+09,8.821548299588956032e-01,-1.343223367923952472e-01
7.001756440000000000e+09,8.805484142604154130e-01,-1.386977947481805029e-01
7.001763580000000000e+09,8.790209023313046988e-01,-1.352298579760796426e-01
7.001770720000000000e+09,8.759544685617762783e-01,-1.376816065345872753e-01
7.001777860000000000e+09,8.798846980379937399e-01,-1.405761528851674491e-01
7.001785000000000000e+09,8.765723749013980548e-01,-1.422240564352740266e-01
7.001792140000000000e+09,8.762260059450341920e-01,-1.485862774250847895e-01
7.001799280000000000e+09,8.754541501606726284e-01,-1.494989217327874487e-01
7.001806420000000000e+09,8.758871228887508131e-01,-1.542374191128109417e-01
7.001813560000000000e+09,8.744931374709873362e-01,-1.566093797146922151e-01
7.001820700000000000e+09,8.748501705650475468e-01,-1.541113026169620981e-01
7.001827840000000000e+09,8.724965293180677595e-01,-1.597143934917442387e-01
7.001834980000000000e+09,8.735602429506182931e-01,-1.561051092881613755e-01
7.001842120000000000e+09,8.785044011515400486e-01,-1.628062144368342679e-01
7.001849260000000000e+09,8.734337175189537117e-01,-1.665223957277328359e-01
7.001856400000000000e+09,8.727191254638448914e-01,-1.659294086723663575e-01
7.001863540000000000e+09,8.738786836346621456e-01,-1.662029608733607555e-01
7.001870680000000000e+09,8.738416381502567276e-01,-1.711102153934266623e-01
7.001877820000000000e+09,8.698033103293162371e-01,-1.767904559923188235e-01
7.001884960000000000e+09,8.712160009837353059e-01,-1.758845561152843073e-01
7.001892100000000000e+09,8.730603802381207146e-01,-1.761424802316584326e-01
7.001899240000000000e+09,8.713510755715421219e-01,-1.821440020149676930e-01
7.001906380000000000e+09,8.706369638601374472e-01,-1.849653872141652222e-01
7.001913520000000000e+09,8.730768519380828208e-01,-1.836425401056064055e-01
7.001920660000000000e+09,8.681831586625765595e-01,-1.876495922878423650e-01
7.001927800000000000e+09,8.692682314166753077e-01,-1.923854725369235907e-01
7.001934940000000000e+09,8.676208264464930764e-01,-1.931875200756309752e-01
7.001942080000000000e+09,8.711939536704446096e-01,-1.961837773846480393e-01
7.001949220000000000e+09,8.638562194556828056e-01,-1.963211363582985924e-01
7.001956360000000000e+09,8.659604895816329639e-01,-1.989323302290621487e-01
7.001963500000000000e+09,8.657775412585370090e-01,-1.990856433129680192e-01
7.001970640000000000e+09,8.676922857366857755e-01,-2.021988660930520432e-01
7.001977780000000000e+09,8.671013971695633593e-01,-2.089737514119107131e-01
7.001984920000000000e+09,8.681971820066379797e-01,-2.072580256855474645e-01
7.001992060000000000e+09,8.617710014997599366e-01,-2.085003089024688727e-01
7.001999200000000000e+09,8.659266359968275095e-01,-2.116014324419243364e-01
7.002006340000000000e+09,8.633401085894392146e-01,-2.126689466946886098e-01
7.002013480000000000e+09,8.620907819644634262e-01,-2.180409593902205845e-01
7.002020620000000000e+09,8.639909334366929761e-01,-2.210530793527948346e-01
7.002027760000000000e+09,8.605556987703445460e-01,-2.194977631864420409e-01
7.002034900000000000e+09,8.577207681709944076e-01,-2.256922035100320800e-01
7.002042040000000000e+09,8.606072272991376337e-01,-2.300806095047790989e-01
7.002049180000000000e+09,8.578196620170491782e-01,-2.259080899216823479e-01
7.002056320000000000e+09,8.589793985004438026e-01,-2.316011157026262590e-01
7.002063460000000000e+09,8.604768699387010944e-01,-2.329558403446937431e-01
7.002070600000000000e+09,8.598088107047686668e-01,-2.373275399824747722e-01
7.002077740000000000e+09,8.618041979592766522e-01,-2.393674260747341853e-01
7.002084880000000000e+09,8.576712307994699414e-01,-2.412112593148054984e-01
7.002092020000000000e+09,8.544385878988846050e-01,-2.417980178483261910e-01
7.002099160000000000e+09,8.554223537124582277e-01,-2.425122867888817313e-01
7.002106300000000000e+09,8.545196767236993285e-01,-2.500204087818077014e-01
7.002113440000000000e+09,8.533413096889801430e-01,-2.460898801853916296e-01
7.002120580000000000e+09,8.560608418425410537e-01,-2.521246058220267261e-01
7.002127720000000000e+09,8.533074382130160229e-01,-2.540565625916795245e-01
7.002134860000000000e+09,8.500456159082822039e-01,-2.527285081803233302e-01
7.002142000000000000e+09,8.547913440975736243e-01,-2.563907205307804360e-01
7.002149140000000000e+09,8.525664755375633730e-01,-2.614685111522210281e-01
7.002156280000000000e+09,8.528895414464141567e-01,-2.568576095484034760e-01
7.002163420000000000e+09,8.517685708841057357e-01,-2.644161529832980140e-01
7.002170560000000000e+09,8.521964353830948635e-01,-2.643453591592467289e-01
7.002177700000000000e+09,8.503799131368835473e-01,-2.665822608836119767e-01
7.002184840000000000e+09,8.521417962090322984e-01,-2.662984096520005228e-01
7.002191980000000000e+09,8.498796524294335297e-01,-2.721683984280138247e-01
7.002199120000000000e+09,8.491689117242401386e-01,-2.713738549308767345e-01
7.002206260000000000e+09,8.485544078526753298e-01,-2.770037658869954900e-01
7.002213400000000000e+09,8.441661177555095374e-01,-2.754026627770235214e-01
7.002220540000000000e+09,8.460896762992415887e-01,-2.812968064912739763e-01
7.002227680000000000e+09,8.452347182652907298e-01,-2.826161571051671872e-01
7.002234820000000000e+09,8.454977104363526896e-01,-2.802176941502599883e-01
7.002241960000000000e+09,8.416893700421174129e-01,-2.854905610711592767e-01
7.002249100000000000e+09,8.469940181391378831e-01,-2.880168522469776504e-01
7.002256240000000000e+09,8.432484980722696477e-01,-2.858611290901829083e-01
7.002263380000000000e+09,8.399259327673705977e-01,-2.917283640857263327e-01
7.002270520000000000e+09,8.382345688737720124e-01,-2.961861953140691450e-01
7.002277660000000000e+09,8.403884838149825454e-01,-2.951845024510010851e-01
7.002284800000000000e+09,8.400653765321871580e-01,-3.011139534142618368e-01
7.002291940000000000e+09,8.380967781054688981e-01,-2.985877878081345527e-01
7.002299080000000000e+09,8.390012033323021035e-01,-3.005232915255500181e-01
7.002306220000000000e+09,8.368132284456637482e-01,-3.061689889889825378e-01
7.002313360000000000e+09,8.384725040267283491e-01,-3.083636958135014261e-01
7.002320500000000000e+09,8.351887269167794781e-01,-3.088367033336243961e-01
7.002327640000000000e+09,8.358244607816491811e-01,-3.112402198220982630e-01
7.002334780000000000e+09,8.371178299822014113e-01,-3.152997223123509274e-01
7.002341920000000000e+09,8.395572315243248207e-01,-3.142809870490186341e-01
7.002349060000000000e+09,8.316474131292670435e-01,-3.215707285933958048e-01
7.002356200000000000e+09,8.319775651976716313e-01,-3.204195091232009407e-01
7.002363340000000000e+09,8.304658777890260302e-01,-3.224254835062446700e-01
7.002370480000000000e+09,8.329482731790361916e-01,-3.242249420966895612e-01
7.002377620000000000e+09,8.283125957844893472e-01,-3.251217702408420451e-01
7.002384760000000000e+09,8.288643802077034772e-01,-3.302470671055203755e-01
7.002391900000000000e+09,8.289933251387208157e-01,-3.286657928459272293e-01
7.002399040000000000e+09,8.263097489271479246e-01,-3.322519276884369210e-01
7.002406180000000000e+09,8.255621904388082966e-01,-3.352378436558755004e-01
7.002413320000000000e+09,8.257304967364588189e-01,-3.387138497613030874e-01
7.002420460000000000e+09,8.216809426819601248e-01,-3.403861954573939030e-01
7.002427600000000000e+09,8.221861371633274462e-01,-3.393360991470555366e-01
7.002434740000000000e+09,8.234414967030694310e-01,-3.440182099555827433e-01
7.002441880000000000e+09,8.237497092776971952e-01,-3.439928674895235683e-01
7.002449020000000000e+09,8.222626339433797282e-01,-3.440250409836969614e-01
7.002456160000000000e+09,8.182623560984431110e-01,-3.461084512106723521e-01
7.002463300000000000e+09,8.200541049608655042e-01,-3.470746582126568169e-01
7.002470440000000000e+09,8.217451921287525218e-01,-3.528067391494852933e-01
7.002477580000000000e+09,8.204219531301182311e-01,-3.564001341473013174e-01
7.002484720000000000e+09,8.183099082492645282e-01,-3.542014500039101232e-01
7.002491860000000000e+09,8.158451332959041347e-01,-3.576329381792646700e-01
7.002499000000000000e+09,8.180300726162275105e-01,-3.580108675166597254e-01
7.002506140000000000e+09,8.147528569900258644e-01,-3.622402558702039199e-01
7.002513280000000000e+09,8.127106119211574553e-01,-3.618716495274404421e-01
7.002520420000000000e+09,8.125784591206929308e-01,-3.645677127137344486e-01
7.002527560000000000e+09,8.162085844787020372e-01,-3.668221621165040913e-01
7.002534700000000000e+09,8.128766660155106738e-01,-3.692394428441121423e-01
7.002541840000000000e+09,8.138745720835034447e-01,-3.714395414092735992e-01
7.002548980000000000e+09,8.097125475922083426e-01,-3.737542826036101551e-01
7.002556120000000000e+09,8.116580415068869181e-01,-3.757509181984319269e-01
7.002563260000000000e+09,8.076846478405274032e-01,-3.762016772916321194e-01
7.002570400000000000e+09,8.076741148573518547e-01,-3.811823185909787304e-01
7.002577540000000000e+09,8.120583943892289991e-01,-3.786602362369678176e-01
7.002584680000000000e+09,8.077121360103962644e-01,-3.843142908665100888e-01
7.002591820000000000e+09,8.042630734319859975e-01,-3.840981900890474421e-01
7.002598960000000000e+09,8.041787920194524153e-01,-3.882135323783552083e-01
7.002606100000000000e+09,8.040793432126251972e-01,-3.904874216642935103e-01
7.002613240000000000e+09,8.049217380242341680e-01,-3.878875877945558437e-01
7.002620380000000000e+09,8.005919531440074399e-01,-3.945256800715504775e-01
7.002627520000000000e+09,7.971524574185312462e-01,-3.984132795743637878e-01
7.002634660000000000e+09,7.991361777364442975e-01,-3.992357988453431594e-01
7.002641800000000000e+09,7.987820972680607090e-01,-4.003878089119738970e-01
7.002648940000000000e+09,7.980217761670496124e-01,-3.973856147950134421e-01
7.002656080000000000e+09,7.994829728987473683e-01,-4.032220561192654817e-01
7.002663220000000000e+09,7.965253873044946253e-01,-4.037026315782671904e-01
7.002670360000000000e+09,7.965558053106867042e-01,-4.095086664715644198e-01
7.002677500000000000e+09,7.917612494392840539e-01,-4.087305727740093708e-01
7.002684640000000000e+09,7.947283420170365709e-01,-4.100200668514130675e-01
7.002691780000000000e+09,7.962096071532203112e-01,-4.096839119708228782e-01
7.002698920000000000e+09,7.925831902124688133e-01,-4.166007539453651654e-01
7.002706060000000000e+09,7.905602723334216320e-01,-4.159191827765083005e-01
7.002713200000000000e+09,7.893725210520650126e-01,-4.184358406336214919e-01
7.002720340000000000e+09,7.916458168293010189e-01,-4.229961792831632983e-01
7.002727480000000000e+09,7.852197703024784703e-01,-4.229002949352909102e-01
7.002734620000000000e+09,7.858501520366145687e-01,-4.252938525613775833e-01
7.002741760000000000e+09,7.859866272847331192e-01,-4.313200379960321906e-01
7.002748900000000000e+09,7.855437107984215572e-01,-4.273712538279119677e-01
7.002756040000000000e+09,7.821661996431945596e-01,-4.293842670705885212e-01
7.002763180000000000e+09,7.826363047317008714e-01,-4.332356585637467394e-01
7.002770320000000000e+09,7.804422942885854697e-01,-4.369248174573439059e-01
7.002777460000000000e+09,7.802112328305255140e-01,-4.331747022119776247e-01
7.002784600000000000e+09,7.786739479651115792e-01,-4.374860977572722631e-01
7.002791740000000000e+09,7.756184804795596133e-01,-4.378651843257569953e-01
7.002798880000000000e+09,7.768186828848606673e-01,-4.389552882502893993e-01
7.002806020000000000e+09,7.775701698501356063e-01,-4.446919408102472659e-01
7.002813160000000000e+09,7.728325105883394608e-01,-4.438968601273073356e-01
7.002820300000000000e+09,7.732307767169113166e-01,-4.478713517777803688e-01
7.002827440000000000e+09,7.739846751097406719e-01,-4.493788742187503904e-01
7.002834580000000000e+09,7.694532902849778866e-01,-4.512865659708404920e-01
7.002841720000000000e+09,7.708919624524733782e-01,-4.529763609798958535e-01
7.002848860000000000e+09,7.673358601739326268e-01,-4.526010175960380466e-01
7.002856000000000000e+09,7.706505925801554469e-01,-4.564333202152435764e-01
7.002863140000000000e+09,7.719279728029352361e-01,-4.588372963251904357e-01
7.002870280000000000e+09,7.702636347078527512e-01,-4.609285749543339250e-01
7.002877420000000000e+09,7.646933614547376523e-01,-4.615353517765990454e-01
7.002884560000000000e+09,7.655205332251946437e-01,-4.658470014915043200e-01
7.002891700000000000e+09,7.631863649708335862e-01,-4.668986689784651034e-01
7.002898840000000000e+09,7.620486471291614272e-01,-4.678307972243774815e-01
7.002905980000000000e+09,7.638358554334945261e-01,-4.706876095282614414e-01
7.002913120000000000e+09,7.569937371474293464e-01,-4.716193306257585593e-01
7.002920260000000000e+09,7.606302983451913580e-01,-4.744271816897687732e-01
7.002927400000000000e+09,7.573052367100071569e-01,-4.710177419054648595e-01
7.002934540000000000e+09,7.590996250157734382e-01,-4.741843409420398170e-01
7.002941680000000000e+09,7.555322499245343826e-01,-4.777561340971074877e-01
7.002948820000000000e+09,7.526835717501642042e-01,-4.805736180564106341e-01
7.002955960000000000e+09,7.534502309773377648e-01,-4.778919574221484612e-01
7.002963100000000000e+09,7.532308296116116964e-01,-4.834314423019506757e-01
7.002970240000000000e+09,7.506892874514636826e-01,-4.860516546370036717e-01
7.002977380000000000e+09,7.504486295838047605e-01,-4.870690749711761303e-01
7.002984520000000000e+09,7.472799326039913925e-01,-4.888575494637883989e-01
7.002991660000000000e+09,7.429021908189562540e-01,-4.884396480895856207e-01
7.002998800000000000e+09,7.478126359274055446e-01,-4.930857953950001926e-01
7.003005940000000000e+09,7.462495015719337044e-01,-4.906335291361855755e-01
7.003013080000000000e+09,7.439821041258201095e-01,-4.983772597136336691e-01
7.003020220000000000e+09,7.426531143654777622e-01,-4.970028761518249794e-01
7.003027360000000000e+09,7.434154199935835150e-01,-5.021691058438167987e-01
7.003034500000000000e+09,7.392511482417629676e-01,-4.983024377069505961e-01
7.003041640000000000e+09,7.375708335122779236e-01,-5.043656647457324116e-01
7.003048780000000000e+09,7.374213572475590839e-01,-5.055855088546474807e-01
7.003055920000000000e+09,7.389872307758652559e-01,-5.053819503957888148e-01
7.003063060000000000e+09,7.326414227392238354e-01,-5.064777294360778281e-01
7.003070200000000000e+09,7.366019620826604886e-01,-5.129668389969650466e-01
7.003077340000000000e+09,7.317384999961171754e-01,-5.131867609627118743e-01
7.003084480000000000e+09,7.296102810221770651e-01,-5.170323255116152650e-01
7.003091620000000000e+09,7.331227213676160259e-01,-5.157125781620137683e-01
7.003098760000000000e+09,7.291957231788097626e-01,-5.179313117111272735e-01
7.003105900000000000e+09,7.255720249495782870e-01,-5.201644766915829443e-01
7.003113040000000000e+09,7.262341111402687011e-01,-5.225702322960223967e-01
7.003120180000000000e+09,7.275888675999070410e-01,-5.237044776084932574e-01
7.003127320000000000e+09,7.268822071284228858e-01,-5.261534596217530835e-01
7.003134460000000000e+09,7.224112765319105067e-01,-5.253273938218516736e-01
7.003141600000000000e+09,7.228416583322065936e-01,-5.250747053567739187e-01
7.003148740000000000e+09,7.222168653787327530e-01,-5.336859760692014287e-01
7.003155880000000000e+09,7.182552674202317133e-01,-5.317710148019602068e-01
7.003163020000000000e+09,7.190065704558961102e-01,-5.340865998009470816e-01
7.003170160000000000e+09,7.169808825853167811e-01,-5.339733151618557550e-01
7.003177300000000000e+09,7.147169005191864599e-01,-5.385659970900871230e-01
7.003184440000000000e+09,7.135451438147960568e-01,-5.386563550784042587e-01
7.003191580000000000e+09,7.134001870153388047e-01,-5.421402927952038153e-01
7.003198720000000000e+09,7.120587000122796661e-01,-5.403619374029671185e-01
7.003205860000000000e+09,7.095970933368146438e-01,-5.432476031224523494e-01
7.003213000000000000e+09,7.086014770474599045e-01,-5.454565104143273002e-01
7.003220140000000000e+09,7.104015581727212147e-01,-5.460771789020871791e-01
7.003227280000000000e+09,7.073202854045455013e-01,-5.489910943798815834e-01
7.003234420000000000e+09,7.073768069055756946e-01,-5.532829172309137178e-01
7.003241560000000000e+09,7.067204978684425987e-01,-5.506575313642149139e-01
7.003248700000000000e+09,7.042010299435342846e-01,-5.529427331200029716e-01
7.003255840000000000e+09,7.062678754508541212e-01,-5.554942732247118986e-01
7.003262980000000000e+09,6.987745261341716807e-01,-5.548796589223374820e-01
7.003270120000000000e+09,7.007372673240340744e-01,-5.560724615587803177e-01
7.003277260000000000e+09,6.971757652926621196e-01,-5.623505058174510518e-01
7.003284400000000000e+09,7.002115246206073174e-01,-5.633811194980373749e-01
7.003291540000000000e+09,6.985850515413470907e-01,-5.603739577716840836e-01
7.003298680000000000e+09,6.899562790838603688e-01,-5.622769135289095166e-01
7.003305820000000000e+09,6.906038246535627367e-01,-5.682340163864723070e-01
7.003312960000000000e+09,6.925433727901930681e-01,-5.707577815423328094e-01
7.003320100000000000e+09,6.914640139560886967e-01,-5.713071411638527275e-01
7.003327240000000000e+09,6.900232918748869793e-01,-5.726603916607564404e-01
7.003334380000000000e+09,6.870706766323556591e-01,-5.764609463325175431e-01
7.003341520000000000e+09,6.867812613279349332e-01,-5.748556338685615330e-01
7.003348660000000000e+09,6.858320520893348426e-01,-5.790999726322537677e-01
7.003355800000000000e+09,6.830216419741199640e-01,-5.805785281296079736e-01
7.003362940000000000e+09,6.838797581115647617e-01,-5.779401524205637353e-01
7.003370080000000000e+09,6.759503323156657029e-01,-5.827498375085067295e-01
7.003377220000000000e+09,6.803774980840626707e-01,-5.831339671045151496e-01
7.003384360000000000e+09,6.756788102594211143e-01,-5.833368647334417068e-01
7.003391500000000000e+09,6.782977043667441919e-01,-5.845691037541731472e-01
7.003398640000000000e+09,6.745528506169660155e-01,-5.884665431843598693e-01
7.003405780000000000e+09,6.718589617149662852e-01,-5.892976703948124007e-01
7.003412920000000000e+09,6.730071120626731629e-01,-5.926265659742109282e-01
7.003420060000000000e+09,6.690558755783251321e-01,-5.890672842818018839e-01
7.003427200000000000e+09,6.676687135708474496e-01,-5.928448695707000393e-01
7.003434340000000000e+09,6.649718480499404727e-01,-5.979304049652910402e-01
7.003441480000000000e+09,6.666616978934333249e-01,-5.972913911475132842e-01
7.003448620000000000e+09,6.663139349766894481e-01,-5.974444056837504569e-01
7.003455760000000000e+09,6.659680209734742951e-01,-5.994811042027077264e-01
7.003462900000000000e+09,6.622367095343518750e-01,-5.983464128923723369e-01
7.003470040000000000e+09,6.632105957764865556e-01,-6.008213466192354746e-01
7.003477180000000000e+09,6.597420599151740950e-01,-6.062022290133800562e-01
7.003484320000000000e+09,6.581073547765888820e-01,-6.068560026939019414e-01
7.003491460000000000e+09,6.580254012434114674e-01,-6.107911392272775686e-01
7.003498600000000000e+09,6.575759630162841818e-01,-6.092759491868733335e-01
7.003505740000000000e+09,6.533537778554879827e-01,-6.110159905172612982e-01
7.003512880000000000e+09,6.521231686850618159e-01,-6.074506179783815130e-01
7.003520020000000000e+09,6.508596588341227784e-01,-6.141983529568197930e-01
7.003527160000000000e+09,6.499140828513041424e-01,-6.201122905954710163e-01
7.003534300000000000e+09,6.465115530659485410e-01,-6.187985994970518489e-01
7.003541440000000000e+09,6.489288171264526728e-01,-6.187547216254919435e-01
7.003548580000000000e+09,6.446290406016648156e-01,-6.230127918101748818e-01
7.003555720000000000e+09,6.449084296839238117e-01,-6.237528602398063615e-01
7.003562860000000000e+09,6.408829172919590089e-01,-6.242637374245799675e-01
7.003570000000000000e+09,6.417984354878464304e-01,-6.243591955877120236e-01
